symbol,name,exchange,sector,industry,last_price,avg_vol_20d,market_cap,history_days,as_of
NVDA,NVIDIA Corporation,NASDAQ,,,171.24,186499915,4114957846984.8633,61,2026-03-27
ONDS,Ondas Inc,NASDAQ,,,9.44,98536560,4213495487.371936,61,2026-03-27
AAL,"American Airlines Group, Inc.",NASDAQ,,,10.71,88381845,6939801213.361723,61,2026-03-27
INTC,Intel Corporation,NASDAQ,,,44.1,85605000,219970464983.98822,61,2026-03-27
SOFI,"SoFi Technologies, Inc. ",NASDAQ,,,15.87,73809670,19734708565.224552,61,2026-03-27
MARA,"MARA Holdings, Inc.",NASDAQ,,,8.58,52863260,2975335946.350999,61,2026-03-27
NFLX,"Netflix, Inc.",NASDAQ,,,93.32,50900620,395662261804.1349,61,2026-03-27
SMCI,"Super Micro Computer, Inc.",NASDAQ,,,22.21,45709175,13198472770.596008,61,2026-03-27
AMZN,"Amazon.com, Inc.",NASDAQ,,,207.54,45290090,2158148419631.967,61,2026-03-27
AAPL,Apple Inc.,NASDAQ,,,252.89,41768185,3714459876661.804,61,2026-03-27
CMCSA,Comcast Corporation,NASDAQ,,,28.72,38103285,103960312758.24379,61,2026-03-27
IREN,IREN Limited,NASDAQ,,,37.45,34057955,11827215166.27433,61,2026-03-27
AMD,"Advanced Micro Devices, Inc.",NASDAQ,,,203.77,33473345,328813111737.64404,61,2026-03-27
MSFT,Microsoft Corporation,NASDAQ,,,365.97,33430700,2676101880673.9067,61,2026-03-27
RIVN,"Rivian Automotive, Inc.",NASDAQ,,,15.21,30664980,18757560376.694977,61,2026-03-27
GOOGL,Alphabet Inc.,NASDAQ,,,280.92,30031580,3351352983367.92,61,2026-03-27
HBAN,Huntington Bancshares Incorporated,NASDAQ,,,15.43,29932615,30984386117.696533,61,2026-03-27
AVGO,Broadcom Inc.,NASDAQ,,,309.42,29827000,1440019684019.9678,61,2026-03-27
IBRX,"ImmunityBio, Inc.",NASDAQ,,,7.38,28798215,7740240129.623062,61,2026-03-27
SOUN,"SoundHound AI, Inc.",NASDAQ,,,6.06,27824430,2532614794.0499997,61,2026-03-27
HOOD,"Robinhood Markets, Inc.",NASDAQ,,,70.35,26791985,60788819470.52452,61,2026-03-27
RGTI,"Rigetti Computing, Inc. ",NASDAQ,,,14.41,25877845,4543819721.124306,61,2026-03-27
CSCO,"Cisco Systems, Inc.",NASDAQ,,,82.16,24695330,315751725619.4801,61,2026-03-27
CRWV,"CoreWeave, Inc.",NASDAQ,,,80.45,24268840,39426609975.0,61,2026-03-27
RCAT,"Red Cat Holdings, Inc.",NASDAQ,,,14.0,23952340,1556633163.6107712,61,2026-03-27
MRVL,"Marvell Technology, Inc.",NASDAQ,,,97.68,23621450,82977342334.32304,61,2026-03-27
AGNC,AGNC Investment Corp.,NASDAQ,,,9.84,22647560,10979663914.743204,61,2026-03-27
RKLB,Rocket Lab Corporation,NASDAQ,,,65.94,22570180,35195088741.042435,61,2026-03-27
NVTS,Navitas Semiconductor Corporation,NASDAQ,,,9.02,21244225,1952506800.7040453,61,2026-03-27
GOOG,Alphabet Inc.,NASDAQ,,,280.74,20507120,3347360766632.08,61,2026-03-27
LYFT,"Lyft, Inc.",NASDAQ,,,12.99,19524350,5063801208.512985,61,2026-03-27
CLSK,"CleanSpark, Inc.",NASDAQ,,,9.3,18723150,2225050294.319003,61,2026-03-27
PYPL,"PayPal Holdings, Inc.",NASDAQ,,,45.2,18624760,41121904048.195786,61,2026-03-27
SNDK,Sandisk Corporation,NASDAQ,,,603.17,18563045,92291940096.40723,61,2026-03-27
PSKY,Paramount Skydance Corporation,NASDAQ,,,8.88,18284520,9738963694.386272,61,2026-03-27
NBIS,Nebius Group N.V.,NASDAQ,,,105.97,18244875,26207498319.46791,61,2026-03-27
KHC,The Kraft Heinz Company,NASDAQ,,,21.56,17622080,26255458938.43023,61,2026-03-27
RIOT,"Riot Platforms, Inc.",NASDAQ,,,14.01,17384950,4911575344.869993,61,2026-03-27
APLD,Applied Digital Corporation,NASDAQ,,,25.72,15776405,6751997518.796473,61,2026-03-27
DKNG,DraftKings Inc.,NASDAQ,,,21.27,15385515,10386023286.353914,61,2026-03-27
AAOI,"Applied Optoelectronics, Inc.",NASDAQ,,,97.42,14388990,7548080508.92067,61,2026-03-27
META,"Meta Platforms, Inc.",NASDAQ,,,547.54,14114755,1336541208162.335,61,2026-03-27
ASTS,"AST SpaceMobile, Inc.",NASDAQ,,,87.86,13610695,31280403199.650383,61,2026-03-27
CCC,CCC Intelligent Solutions Holdings Inc.,NASDAQ,,,6.0,13253405,3745344773.899515,61,2026-03-27
QCOM,QUALCOMM Incorporated,NASDAQ,,,130.54,13209795,137948709285.61798,61,2026-03-27
RUN,Sunrun Inc.,NASDAQ,,,12.4,13090340,2926465082.0978966,61,2026-03-27
JD,"JD.com, Inc.",NASDAQ,,,29.18,13061155,42004788291.271866,61,2026-03-27
CSX,CSX Corporation,NASDAQ,,,39.55,13045100,74094042926.1218,61,2026-03-27
FSLY,"Fastly, Inc.",NASDAQ,,,28.59,12843455,4229148092.651367,61,2026-03-27
COIN,"Coinbase Global, Inc.",NASDAQ,,,173.38,12807240,43784305630.86243,61,2026-03-27
CORZ,"Core Scientific, Inc.",NASDAQ,,,15.79,12650345,4815129786.197834,61,2026-03-27
BULL,Webull Corporation,NASDAQ,,,5.05,12284625,2567525837.4693294,61,2026-03-27
PTEN,"Patterson-UTI Energy, Inc.",NASDAQ,,,11.26,11531950,4365114800.0,61,2026-03-27
LRCX,Lam Research Corporation,NASDAQ,,,211.62,11265595,269569152467.04102,61,2026-03-27
CPB,The Campbell's Company,NASDAQ,,,20.95,11195660,6571148868.481262,61,2026-03-27
FITB,Fifth Third Bancorp,NASDAQ,,,45.41,11125450,40587355704.00395,61,2026-03-27
AXTI,AXT Inc,NASDAQ,,,58.51,10905535,3423889468.309433,61,2026-03-27
MDLZ,"Mondelez International, Inc.",NASDAQ,,,57.58,10881615,75472553518.56772,61,2026-03-27
QUBT,Quantum Computing Inc.,NASDAQ,,,7.12,10706370,1523492019.1281815,61,2026-03-27
POET,POET Technologies Inc.,NASDAQ,,,5.49,10385470,796388842.6468773,61,2026-03-27
APA,APA Corporation,NASDAQ,,,42.8,10299805,15474181013.983795,61,2026-03-27
QS,QuantumScape Corporation,NASDAQ,,,6.5,10197105,3868454790.387218,61,2026-03-27
KDP,Keurig Dr Pepper Inc.,NASDAQ,,,26.27,10186480,36038616696.68503,61,2026-03-27
EXC,Exelon Corporation,NASDAQ,,,48.4,9781865,49879785686.25,61,2026-03-27
GTM,ZoomInfo Technologies Inc.,NASDAQ,,,5.93,9598825,1761550090.0569668,61,2026-03-27
ERIC,Ericsson,NASDAQ,,,11.44,9533675,37710909547.07801,61,2026-03-27
HST,"Host Hotels & Resorts, Inc.",NASDAQ,,,19.42,9486790,13271928328.418339,61,2026-03-27
CPRT,"Copart, Inc.",NASDAQ,,,33.03,9432150,31857461832.732224,61,2026-03-27
SHOP,Shopify Inc.,NASDAQ,,,115.43,9069310,145660381727.38983,61,2026-03-27
MCHP,Microchip Technology Incorporated,NASDAQ,,,64.2,8989355,33761440894.337128,61,2026-03-27
ARCC,Ares Capital Corporation,NASDAQ,,,17.92,8944000,12730544713.165226,61,2026-03-27
MRNA,"Moderna, Inc.",NASDAQ,,,53.57,8941900,20059364206.132233,61,2026-03-27
GT,The Goodyear Tire & Rubber Company,NASDAQ,,,6.62,8864840,1882074418.536169,61,2026-03-27
SATL,Satellogic Inc.,NASDAQ,,,6.42,8777130,825476926.6691465,61,2026-03-27
MDLN,Medline Inc.,NASDAQ,,,42.21,8580625,33659024225.76068,61,2026-03-27
DAWN,"Day One Biopharmaceuticals, Inc.",NASDAQ,,,21.4,8542895,2213152950.865116,61,2026-03-27
FAST,Fastenal Company,NASDAQ,,,45.11,8434130,51881482567.78205,61,2026-03-27
SBUX,Starbucks Corporation,NASDAQ,,,91.22,8371520,99796984890.74707,61,2026-03-27
CRDO,Credo Technology Group Holding Ltd,NASDAQ,,,96.44,8359575,17633413982.551727,61,2026-03-27
ADMA,ADMA Biologics Inc,NASDAQ,,,8.29,8122875,2311334784.909897,61,2026-03-27
MTCH,"Match Group, Inc.",NASDAQ,,,30.81,8071415,7178894441.878548,61,2026-03-27
SATS,EchoStar Corporation,NASDAQ,,,111.4,7974025,33554375049.513336,61,2026-03-27
LITE,Lumentum Holdings Inc.,NASDAQ,,,688.8,7694835,50840369128.41797,61,2026-03-27
FRMI,Fermi Inc.,NASDAQ,,,6.08,7638965,3782396234.787163,61,2026-03-27
BCRX,"BioCryst Pharmaceuticals, Inc.",NASDAQ,,,9.56,7592385,2382605890.0,61,2026-03-27
PDD,PDD Holdings Inc.,NASDAQ,,,100.62,7527670,144385146017.1603,61,2026-03-27
GEN,Gen Digital Inc.,NASDAQ,,,18.97,7480015,11483254429.908754,61,2026-03-27
ON,ON Semiconductor Corporation,NASDAQ,,,60.87,7367505,23732278614.54578,61,2026-03-27
GTLB,GitLab Inc.,NASDAQ,,,21.25,7288045,3501316547.0199585,61,2026-03-27
ALM,Almonty Industries Inc.,NASDAQ,,,14.68,7259985,4291099951.10563,61,2026-03-27
CELH,"Celsius Holdings, Inc.",NASDAQ,,,35.59,7035430,8919370882.850853,61,2026-03-27
AMAT,"Applied Materials, Inc.",NASDAQ,,,338.55,7024735,271454245319.72955,61,2026-03-27
CRML,Critical Metals Corp.,NASDAQ,,,7.43,6959035,910107439.3452349,61,2026-03-27
ARM,Arm Holdings plc,NASDAQ,,,154.8,6677545,155338535224.97742,61,2026-03-27
LWLG,"Lightwave Logic, Inc.",NASDAQ,,,7.84,6673995,1101350324.393642,61,2026-03-27
ADBE,Adobe Inc.,NASDAQ,,,240.88,6654785,96161546704.0817,61,2026-03-27
GILD,"Gilead Sciences, Inc.",NASDAQ,,,136.88,6603690,169126414249.22424,61,2026-03-27
NEXT,NextDecade Corporation,NASDAQ,,,8.15,6528505,2134011754.4252396,61,2026-03-27
PEP,"PepsiCo, Inc.",NASDAQ,,,150.83,6490430,208587739936.44092,61,2026-03-27
CTSH,Cognizant Technology Solutions Corporation,NASDAQ,,,60.76,6424070,28925003334.112015,61,2026-03-27
FISV,"Fiserv, Inc.",NASDAQ,,,55.54,6393670,28931053494.14811,61,2026-03-27
ROIV,Roivant Sciences Ltd.,NASDAQ,,,27.35,6350825,19187947100.744354,61,2026-03-27
MNST,Monster Beverage Corporation,NASDAQ,,,71.98,6305575,70719192256.4936,61,2026-03-27
CSGP,"CoStar Group, Inc.",NASDAQ,,,41.3,6181815,16938077906.985226,61,2026-03-27
PCT,"PureCycle Technologies, Inc.",NASDAQ,,,5.47,6166580,967109876.1246605,61,2026-03-27
ORLY,"O'Reilly Automotive, Inc.",NASDAQ,,,92.27,6098375,77750428429.32025,61,2026-03-27
MBLY,Mobileye Global Inc.,NASDAQ,,,6.82,6083300,5704566841.448867,61,2026-03-27
FTNT,"Fortinet, Inc.",NASDAQ,,,81.03,6058535,58807693267.82034,61,2026-03-27
ARRY,"Array Technologies, Inc.",NASDAQ,,,7.28,6025770,1134139532.3014526,61,2026-03-27
SBET,"Sharplink, Inc.",NASDAQ,,,6.53,6018310,1217473059.6305952,61,2026-03-27
ENVX,Enovix Corporation,NASDAQ,,,5.12,5957775,1126308719.3403177,61,2026-03-27
GO,Grocery Outlet Holding Corp.,NASDAQ,,,7.14,5951140,705229917.2936354,61,2026-03-27
AFRM,"Affirm Holdings, Inc.",NASDAQ,,,43.85,5950220,14383718011.837303,61,2026-03-27
STNE,StoneCo Ltd.,NASDAQ,,,14.0,5885810,3474709160.8149595,61,2026-03-27
LCID,"Lucid Group, Inc.",NASDAQ,,,9.91,5830200,3160547174.157772,61,2026-03-27
FRSH,Freshworks Inc.,NASDAQ,,,8.01,5797315,2265978113.1527567,61,2026-03-27
CHYM,"Chime Financial, Inc.",NASDAQ,,,17.75,5736475,6625721895.0,61,2026-03-27
ERAS,"Erasca, Inc.",NASDAQ,,,15.16,5714980,4699289115.071815,61,2026-03-27
PONY,Pony AI Inc.,NASDAQ,,,9.72,5589680,4092632078.3987246,61,2026-03-27
QURE,uniQure N.V.,NASDAQ,,,15.6,5522100,945444641.8040771,61,2026-03-27
NTSK,"Netskope, Inc.",NASDAQ,,,8.48,5407915,3155999946.5942383,61,2026-03-27
NTNX,"Nutanix, Inc.",NASDAQ,,,39.45,5232420,10242749409.938278,61,2026-03-27
OCUL,"Ocular Therapeutix, Inc.",NASDAQ,,,8.07,5210430,1697995917.7214117,61,2026-03-27
BZ,KANZHUN LIMITED,NASDAQ,,,13.55,5210005,6125403463.944926,61,2026-03-27
GLXY,Galaxy Digital Inc.,NASDAQ,,,19.61,5201070,7300507294.998423,61,2026-03-27
KTOS,"Kratos Defense & Security Solutions, Inc.",NASDAQ,,,75.86,5180530,13732295658.924255,61,2026-03-27
EBAY,eBay Inc.,NASDAQ,,,89.43,5164950,40225741241.45508,61,2026-03-27
FLY,Firefly Aerospace Inc.,NASDAQ,,,26.81,5108000,3736487857.9471893,61,2026-03-27
APP,Applovin Corporation,NASDAQ,,,391.21,5056515,131440835674.74365,61,2026-03-27
KMB,Kimberly-Clark Corporation,NASDAQ,,,98.85,5017370,32975165628.45282,61,2026-03-27
HIMX,"Himax Technologies, Inc.",NASDAQ,,,8.35,4979280,1429042605.7248344,61,2026-03-27
ENPH,"Enphase Energy, Inc.",NASDAQ,,,40.18,4944575,5025017972.319107,61,2026-03-27
SHLS,"Shoals Technologies Group, Inc.",NASDAQ,,,6.47,4827985,1127426575.040072,61,2026-03-27
SLM,SLM Corporation,NASDAQ,,,20.64,4803400,4046317478.037998,61,2026-03-27
AKAM,"Akamai Technologies, Inc.",NASDAQ,,,117.25,4746380,16530284395.66388,61,2026-03-27
ALAB,"Astera Labs, Inc.",NASDAQ,,,113.61,4726140,19345729130.683624,61,2026-03-27
PAYX,"Paychex, Inc.",NASDAQ,,,93.59,4627965,32906270687.86621,61,2026-03-27
NVAX,"Novavax, Inc.",NASDAQ,,,8.95,4544600,1403693128.8819218,61,2026-03-27
DDOG,"Datadog, Inc.",NASDAQ,,,124.3,4514870,40937061115.90485,61,2026-03-27
MAT,"Mattel, Inc.",NASDAQ,,,14.62,4506570,4514369881.439209,61,2026-03-27
PENN,"PENN Entertainment, Inc.",NASDAQ,,,14.57,4486225,1858964130.348772,61,2026-03-27
GFS,GlobalFoundries Inc.,NASDAQ,,,44.57,4469265,23813270138.817387,61,2026-03-27
HYMC,Hycroft Mining Holding Corporation,NASDAQ,,,31.18,4451240,3023853225.6485825,61,2026-03-27
EXE,Expand Energy Corporation,NASDAQ,,,111.05,4432115,27358524052.663727,61,2026-03-27
ADP,"Automatic Data Processing, Inc.",NASDAQ,,,204.51,4393605,81569219727.64893,61,2026-03-27
SERV,Serve Robotics Inc.,NASDAQ,,,9.08,4388960,656233840.3647022,61,2026-03-27
NTLA,"Intellia Therapeutics, Inc.",NASDAQ,,,13.24,4376110,1468990706.515809,61,2026-03-27
SSRM,SSR Mining Inc.,NASDAQ,,,24.66,4338865,5408306612.462666,61,2026-03-27
HON,Honeywell International Inc.,NASDAQ,,,225.17,4218760,142845862822.30106,61,2026-03-27
CRWD,"CrowdStrike Holdings, Inc.",NASDAQ,,,392.62,4193015,94430669341.83746,61,2026-03-27
DXCM,"DexCom, Inc.",NASDAQ,,,66.09,4167840,24278512932.0,61,2026-03-27
PAA,"Plains All American Pipeline, L.P.",NASDAQ,,,22.52,4163940,16022623874.996452,61,2026-03-27
HUT,Hut 8 Corp.,NASDAQ,,,50.58,4137315,5323698318.719376,61,2026-03-27
SNY,Sanofi,NASDAQ,,,46.62,4134170,115048761008.43442,61,2026-03-27
BTSG,"BrightSpring Health Services, Inc.",NASDAQ,,,42.83,4127535,8157822791.327972,61,2026-03-27
CART,Maplebear Inc.,NASDAQ,,,36.29,4085330,9402617745.12584,61,2026-03-27
ADI,"Analog Devices, Inc.",NASDAQ,,,313.42,4072940,150620741154.06894,61,2026-03-27
FANG,"Diamondback Energy, Inc.",NASDAQ,,,202.19,4045050,57197157804.70146,61,2026-03-27
EVLV,"Evolv Technologies Holdings, Inc.",NASDAQ,,,5.96,4032020,1038440771.9683123,61,2026-03-27
AEP,"American Electric Power Company, Inc.",NASDAQ,,,128.85,4014325,70973087564.77783,61,2026-03-27
FOXA,Fox Corporation,NASDAQ,,,58.64,3999815,24877162446.70913,61,2026-03-27
FOLD,"Amicus Therapeutics, Inc.",NASDAQ,,,14.43,3989285,4526320251.501823,61,2026-03-27
CERT,"Certara, Inc.",NASDAQ,,,6.14,3979875,935731031.125,61,2026-03-27
ABNB,"Airbnb, Inc.",NASDAQ,,,131.06,3964660,74708430595.47002,61,2026-03-27
INDV,"Indivior Pharmaceuticals, Inc. ",NASDAQ,,,29.95,3942770,3650654480.772045,61,2026-03-27
SIRI,SiriusXM Holdings Inc.,NASDAQ,,,22.95,3934540,7676970737.416695,61,2026-03-27
OKTA,"Okta, Inc.",NASDAQ,,,79.38,3907475,13160229647.832657,61,2026-03-27
FLNC,"Fluence Energy, Inc.",NASDAQ,,,14.96,3892345,2678097652.062312,61,2026-03-27
GEHC,GE HealthCare Technologies Inc.,NASDAQ,,,71.54,3871025,31785173032.36441,61,2026-03-27
DASH,"DoorDash, Inc.",NASDAQ,,,151.96,3860260,63660834705.39917,61,2026-03-27
NWSA,News Corporation,NASDAQ,,,24.26,3830355,13921157379.336819,61,2026-03-27
REAL,"The RealReal, Inc.",NASDAQ,,,9.0,3815245,1038125019.0133381,61,2026-03-27
ASST,"Strive, Inc.",NASDAQ,,,10.41,3796710,668765456.2263966,61,2026-03-27
SEDG,"SolarEdge Technologies, Inc.",NASDAQ,,,50.27,3788610,3114296961.901165,61,2026-03-27
DBX,"Dropbox, Inc.",NASDAQ,,,22.77,3753305,5594557134.89225,61,2026-03-27
BLMN,"Bloomin' Brands, Inc.",NASDAQ,,,5.52,3745995,451349745.98335266,61,2026-03-27
DJT,Trump Media & Technology Group Corp.,NASDAQ,,,8.59,3737740,2371614995.810809,61,2026-03-27
SOLS,Solstice Advanced Materials Inc.,NASDAQ,,,74.43,3711720,11917971456.41594,61,2026-03-27
LI,Li Auto Inc.,NASDAQ,,,17.58,3698940,18243096984.78971,61,2026-03-27
BSY,"Bentley Systems, Incorporated",NASDAQ,,,36.2,3645755,10676101560.900406,61,2026-03-27
SHC,Sotera Health Company,NASDAQ,,,13.54,3610535,3766773053.8089094,61,2026-03-27
RPRX,Royalty Pharma plc,NASDAQ,,,46.94,3608715,27167882239.165955,61,2026-03-27
ONB,Old National Bancorp,NASDAQ,,,21.73,3583405,8405246491.081238,61,2026-03-27
FLEX,Flex Ltd.,NASDAQ,,,64.76,3512500,24106632385.128418,61,2026-03-27
CG,The Carlyle Group Inc.,NASDAQ,,,46.77,3497395,16733056195.433975,61,2026-03-27
NDAQ,"Nasdaq, Inc.",NASDAQ,,,83.78,3475985,46941534024.16807,61,2026-03-27
SRPT,"Sarepta Therapeutics, Inc.",NASDAQ,,,21.68,3431795,2080897248.9996643,61,2026-03-27
ALHC,"Alignment Healthcare, Inc.",NASDAQ,,,16.91,3431105,3375999468.8920727,61,2026-03-27
HOLX,"Hologic, Inc.",NASDAQ,,,75.69,3423430,16876198865.990753,61,2026-03-27
GLNG,Golar LNG Limited,NASDAQ,,,54.06,3402300,5565811742.492676,61,2026-03-27
ACHC,"Acadia Healthcare Company, Inc.",NASDAQ,,,23.85,3371800,2131014245.8616028,61,2026-03-27
RELY,"Remitly Global, Inc.",NASDAQ,,,15.99,3356585,3212479386.5,61,2026-03-27
RLMD,"Relmada Therapeutics, Inc.",NASDAQ,,,6.53,3355655,675912572.6044087,61,2026-03-27
SAIL,"SailPoint, Inc.",NASDAQ,,,12.28,3285495,6740269938.725212,61,2026-03-27
ARDX,"Ardelyx, Inc.",NASDAQ,,,5.69,3277550,1361123266.6272345,61,2026-03-27
EXEL,"Exelixis, Inc.",NASDAQ,,,42.36,3271415,11221834208.502995,61,2026-03-27
DUOL,"Duolingo, Inc.",NASDAQ,,,98.11,3234995,4444783963.00145,61,2026-03-27
FROG,JFrog Ltd.,NASDAQ,,,46.91,3208530,5352796389.817516,61,2026-03-27
BRZE,"Braze, Inc.",NASDAQ,,,23.31,3194780,2635980660.2135925,61,2026-03-27
ROST,"Ross Stores, Inc.",NASDAQ,,,214.3,3174115,69445564181.97528,61,2026-03-27
COLB,"Columbia Banking System, Inc.",NASDAQ,,,27.46,3159770,7971001825.451448,61,2026-03-27
ANNX,"Annexon, Inc.",NASDAQ,,,5.25,3124850,757203853.9479389,61,2026-03-27
CEG,Constellation Energy Corporation,NASDAQ,,,295.19,3014965,110845065449.33447,61,2026-03-27
BILI,Bilibili Inc.,NASDAQ,,,22.68,2992125,9145579679.13893,61,2026-03-27
RLAY,"Relay Therapeutics, Inc.",NASDAQ,,,10.12,2979080,1701469783.4941826,61,2026-03-27
PGY,Pagaya Technologies Ltd.,NASDAQ,,,11.91,2975175,934199230.3349304,61,2026-03-27
LIN,Linde plc,NASDAQ,,,495.49,2922190,226664624253.84033,61,2026-03-27
LKQ,LKQ Corporation,NASDAQ,,,29.65,2897270,7519736789.206821,61,2026-03-27
GBDC,"Golub Capital BDC, Inc.",NASDAQ,,,12.54,2871435,3270610211.5567913,61,2026-03-27
SSNC,"SS&C Technologies Holdings, Inc.",NASDAQ,,,67.16,2838840,16118010712.862534,61,2026-03-27
CSIQ,Canadian Solar Inc.,NASDAQ,,,13.62,2797580,924886745.3626728,61,2026-03-27
CAI,"Caris Life Sciences, Inc.",NASDAQ,,,18.33,2789560,4853309893.233631,61,2026-03-27
DYN,"Dyne Therapeutics, Inc.",NASDAQ,,,18.55,2751845,2985340607.89114,61,2026-03-27
NEOG,Neogen Corporation,NASDAQ,,,9.15,2739485,1924017360.0307035,61,2026-03-27
ODD,ODDITY Tech Ltd.,NASDAQ,,,13.42,2724055,762213871.0034294,61,2026-03-27
SFM,"Sprouts Farmers Market, Inc.",NASDAQ,,,77.27,2722645,7552460851.318359,61,2026-03-27
AMGN,Amgen Inc.,NASDAQ,,,353.16,2718575,189288231295.99915,61,2026-03-27
SLDE,"Slide Insurance Holdings, Inc.",NASDAQ,,,18.03,2706610,2189264815.5385437,61,2026-03-27
NAVN,"Navan, Inc.",NASDAQ,,,13.11,2696380,3290605166.649971,61,2026-03-27
AVAV,"AeroVironment, Inc.",NASDAQ,,,195.91,2689260,9455557825.218842,61,2026-03-27
NXPI,NXP Semiconductors N.V.,NASDAQ,,,196.92,2687050,48912491159.35089,61,2026-03-27
CMPS,COMPASS Pathways Plc,NASDAQ,,,5.64,2660570,688450414.9721336,61,2026-03-27
SRAD,Sportradar Group AG,NASDAQ,,,18.0,2659685,5093327832.068161,61,2026-03-27
DRVN,Driven Brands Holdings Inc.,NASDAQ,,,13.0,2634010,2078701371.980875,61,2026-03-27
LFST,"LifeStance Health Group, Inc.",NASDAQ,,,6.69,2623940,2468951631.489897,61,2026-03-27
CTAS,Cintas Corporation,NASDAQ,,,168.85,2623225,67037351059.140335,61,2026-03-27
SBRA,"Sabra Health Care REIT, Inc.",NASDAQ,,,19.63,2606765,4957184757.745617,61,2026-03-27
BGC,"BGC Group, Inc.",NASDAQ,,,9.46,2599405,4533945272.728271,61,2026-03-27
DHC,Diversified Healthcare Trust ,NASDAQ,,,6.87,2588210,1646423022.9809208,61,2026-03-27
LZ,"LegalZoom.com, Inc.",NASDAQ,,,5.79,2564235,988281654.5383816,61,2026-03-27
IONS,"Ionis Pharmaceuticals, Inc.",NASDAQ,,,74.24,2555520,11971465238.820404,61,2026-03-27
MDB,"MongoDB, Inc.",NASDAQ,,,241.28,2552945,19043637542.77588,61,2026-03-27
SMTC,Semtech Corporation,NASDAQ,,,74.16,2551215,6791709139.474495,61,2026-03-27
EA,Electronic Arts Inc.,NASDAQ,,,201.91,2544285,50501200047.11372,61,2026-03-27
EXPE,"Expedia Group, Inc.",NASDAQ,,,232.84,2533255,27787233673.73546,61,2026-03-27
SMMT,Summit Therapeutics Inc. ,NASDAQ,,,17.26,2527430,12902201254.750061,61,2026-03-27
OLMA,"Olema Pharmaceuticals, Inc.",NASDAQ,,,14.12,2509560,1169646423.2695484,61,2026-03-27
NTAP,"NetApp, Inc.",NASDAQ,,,104.45,2506095,20364564920.91678,61,2026-03-27
AMRX,"Amneal Pharmaceuticals, Inc.",NASDAQ,,,12.06,2504885,3815228243.5288467,61,2026-03-27
CENX,Century Aluminum Company,NASDAQ,,,48.4,2479805,4957610029.332241,61,2026-03-27
SGML,Sigma Lithium Corporation,NASDAQ,,,9.7,2475020,1184011709.5168848,61,2026-03-27
FWONK,Liberty Media Corporation,NASDAQ,,,83.34,2464295,20207053398.863358,61,2026-03-27
FIVN,"Five9, Inc.",NASDAQ,,,15.12,2459440,1138825749.9407616,61,2026-03-27
RPD,"Rapid7, Inc.",NASDAQ,,,5.7,2455870,356481725.86550903,61,2026-03-27
CDNS,"Cadence Design Systems, Inc.",NASDAQ,,,280.62,2445640,76202792576.4458,61,2026-03-27
ODFL,"Old Dominion Freight Line, Inc.",NASDAQ,,,187.93,2399875,38948767125.89491,61,2026-03-27
GLPI,"Gaming and Leisure Properties, Inc.",NASDAQ,,,44.92,2398445,12657183685.34399,61,2026-03-27
LNT,Alliant Energy Corporation,NASDAQ,,,70.26,2386050,18274998638.556847,61,2026-03-27
ALKS,Alkermes plc,NASDAQ,,,29.92,2372385,4909506903.067429,61,2026-03-27
GTX,Garrett Motion Inc.,NASDAQ,,,18.34,2360135,3553195711.157032,61,2026-03-27
ENTG,"Entegris, Inc.",NASDAQ,,,115.75,2353900,17501010935.22322,61,2026-03-27
ATEC,"Alphatec Holdings, Inc.",NASDAQ,,,11.52,2347840,1678544938.8951874,61,2026-03-27
CME,CME Group Inc.,NASDAQ,,,297.58,2342935,107797535255.19617,61,2026-03-27
RVMD,"Revolution Medicines, Inc.",NASDAQ,,,93.21,2335925,18755130171.124557,61,2026-03-27
APLS,"Apellis Pharmaceuticals, Inc.",NASDAQ,,,17.64,2315195,2194839547.282648,61,2026-03-27
OUST,"Ouster, Inc.",NASDAQ,,,19.31,2302930,1114770840.25,61,2026-03-27
CRSP,CRISPR Therapeutics AG,NASDAQ,,,47.55,2302000,4444119872.369019,61,2026-03-27
INSM,Insmed Incorporated,NASDAQ,,,147.6,2301765,31086894704.244873,61,2026-03-27
STKL,"SunOpta, Inc.",NASDAQ,,,6.47,2295270,767414846.7243667,61,2026-03-27
COO,"The Cooper Companies, Inc. ",NASDAQ,,,71.54,2274165,13630691963.368378,61,2026-03-27
SNPS,"Synopsys, Inc.",NASDAQ,,,401.95,2271640,74140251075.96964,61,2026-03-27
ADSK,"Autodesk, Inc.",NASDAQ,,,239.83,2249015,49412196960.44922,61,2026-03-27
FULT,Fulton Financial Corporation,NASDAQ,,,20.16,2228910,3570509332.4654083,61,2026-03-27
EXLS,"ExlService Holdings, Inc.",NASDAQ,,,30.37,2217660,4768961503.220833,61,2026-03-27
ADPT,Adaptive Biotechnologies Corporation,NASDAQ,,,13.96,2216565,1993845612.3347769,61,2026-03-27
EVRG,"Evergy, Inc.",NASDAQ,,,80.4,2215245,18784068899.743637,61,2026-03-27
BWIN,"The Baldwin Insurance Group, Inc.",NASDAQ,,,21.68,2213475,2085306174.425377,61,2026-03-27
LIF,"Life360, Inc.",NASDAQ,,,39.68,2203430,3133359785.4353256,61,2026-03-27
GDS,GDS Holdings Limited,NASDAQ,,,41.99,2185950,8135330782.048027,61,2026-03-27
CMPX,"Compass Therapeutics, Inc.",NASDAQ,,,5.33,2164670,935556749.3391395,61,2026-03-27
RARE,Ultragenyx Pharmaceutical Inc.,NASDAQ,,,20.0,2164595,1894910201.658142,61,2026-03-27
EBC,"Eastern Bankshares, Inc.",NASDAQ,,,19.38,2150380,4312287740.672308,61,2026-03-27
BBIO,"BridgeBio Pharma, Inc.",NASDAQ,,,72.58,2149845,13688657439.634506,61,2026-03-27
IRDM,Iridium Communications Inc,NASDAQ,,,28.31,2140550,2927243944.449478,61,2026-03-27
LBTYA,Liberty Global Ltd.,NASDAQ,,,12.06,2135295,4018669398.0840063,61,2026-03-27
PEGA,Pegasystems Inc.,NASDAQ,,,42.16,2123110,6913657669.095566,61,2026-03-27
COGT,"Cogent Biosciences, Inc.",NASDAQ,,,36.87,2117935,5894244575.402756,61,2026-03-27
QFIN,"Qfin Holdings, Inc. ",NASDAQ,,,12.86,2116735,1722052342.3291264,61,2026-03-27
NCNO,"nCino, Inc.",NASDAQ,,,15.0,2115000,1638778243.8201904,61,2026-03-27
HSAI,Hesai Group,NASDAQ,,,19.39,2112050,2888273706.301008,61,2026-03-27
CGNX,Cognex Corporation,NASDAQ,,,49.33,2109495,8080130531.670044,61,2026-03-27
PAGP,"Plains GP Holdings, L.P.",NASDAQ,,,24.44,2095550,5755505998.777428,61,2026-03-27
GNTX,Gentex Corporation,NASDAQ,,,22.05,2093950,4786092342.972153,61,2026-03-27
DRH,Diamondrock Hospitality Company,NASDAQ,,,9.59,2088650,1939372019.147255,61,2026-03-27
CYTK,"Cytokinetics, Incorporated",NASDAQ,,,63.48,2085380,7753098794.615765,61,2026-03-27
BEAM,Beam Therapeutics Inc.,NASDAQ,,,23.62,2083425,2272412771.5528965,61,2026-03-27
BMRN,BioMarin Pharmaceutical Inc.,NASDAQ,,,55.55,2082935,10518164239.594059,61,2026-03-27
OS,"OneStream, Inc.",NASDAQ,,,23.83,2079490,5896458998.523483,61,2026-03-27
ALKT,"Alkami Technology, Inc.",NASDAQ,,,16.2,2072375,1652726569.6861572,61,2026-03-27
SBLK,Star Bulk Carriers Corp.,NASDAQ,,,22.5,2047665,2551890651.1504517,61,2026-03-27
OTEX,Open Text Corporation,NASDAQ,,,22.25,2039270,5492927752.4614105,61,2026-03-27
FTAI,FTAI Aviation Ltd.,NASDAQ,,,239.95,2024895,24829401999.818054,61,2026-03-27
MGNI,"Magnite, Inc.",NASDAQ,,,11.85,2019480,1664521089.9005556,61,2026-03-27
ACAD,ACADIA Pharmaceuticals Inc.,NASDAQ,,,21.47,2016600,3570157287.273947,61,2026-03-27
SPT,"Sprout Social, Inc",NASDAQ,,,5.74,2013845,332942069.3181801,61,2026-03-27
NMRK,"Newmark Group, Inc.",NASDAQ,,,14.91,2011580,3716289549.051031,61,2026-03-27
PRCT,PROCEPT BioRobotics Corporation,NASDAQ,,,25.07,2007480,1419341237.6222305,61,2026-03-27
SGRY,"Surgery Partners, Inc.",NASDAQ,,,11.85,1989620,1511623723.9757996,61,2026-03-27
MEOH,Methanex Corporation,NASDAQ,,,59.46,1987050,4932714491.191406,61,2026-03-27
MASI,Masimo Corporation,NASDAQ,,,176.89,1976550,9520797460.25,61,2026-03-27
FOX,Fox Corporation,NASDAQ,,,52.55,1969720,24589195532.924927,61,2026-03-27
CCEP,Coca-Cola Europacific Partners plc,NASDAQ,,,92.79,1965635,41805430315.0,61,2026-03-27
FRPT,"Freshpet, Inc.",NASDAQ,,,58.79,1965020,2795277923.0034065,61,2026-03-27
SMPL,The Simply Good Foods Company,NASDAQ,,,14.46,1957295,1361338156.1721382,61,2026-03-27
METC,"Ramaco Resources, Inc.",NASDAQ,,,13.97,1956175,1030892359.564064,61,2026-03-27
HLMN,Hillman Solutions Corp.,NASDAQ,,,8.32,1954930,1615802052.4339733,61,2026-03-27
LPTH,"LightPath Technologies, Inc.",NASDAQ,,,10.99,1940000,563813077.726902,61,2026-03-27
CORT,Corcept Therapeutics Incorporated,NASDAQ,,,38.53,1923460,4059232586.9686127,61,2026-03-27
OXLC,Oxford Lane Capital Corp.,NASDAQ,,,9.36,1899735,915976022.3388672,61,2026-03-27
ALOY,REalloys Inc.,NASDAQ,,,9.98,1897165,587836655.3881989,61,2026-03-27
GLDD,Great Lakes Dredge & Dock Corporation,NASDAQ,,,16.97,1893295,1133270096.205265,61,2026-03-27
NXT,Nextpower Inc.,NASDAQ,,,119.85,1887730,18340914215.518723,61,2026-03-27
NNE,Nano Nuclear Energy Inc.,NASDAQ,,,21.15,1886245,1079882574.0102806,61,2026-03-27
PGNY,"Progyny, Inc.",NASDAQ,,,17.79,1884425,1414451584.1318665,61,2026-03-27
DNLI,Denali Therapeutics Inc.,NASDAQ,,,19.74,1883385,2994207216.984724,61,2026-03-27
PFG,Principal Financial Group Inc,NASDAQ,,,88.94,1881430,19493435515.617645,61,2026-03-27
MLCO,Melco Resorts & Entertainment Limited,NASDAQ,,,5.53,1880940,2247525866.4197087,61,2026-03-27
AVPT,"AvePoint, Inc.",NASDAQ,,,9.78,1879535,2051607764.0,61,2026-03-27
RMBS,"Rambus, Inc.",NASDAQ,,,91.44,1871380,9843584676.773346,61,2026-03-27
FWRG,"First Watch Restaurant Group, Inc.",NASDAQ,,,10.91,1870205,654294263.7452745,61,2026-03-27
OPCH,"Option Care Health, Inc.",NASDAQ,,,27.75,1867570,4360387352.2969,61,2026-03-27
OMDA,"Omada Health, Inc.",NASDAQ,,,13.18,1859335,743049765.559556,61,2026-03-27
COST,Costco Wholesale Corporation,NASDAQ,,,979.65,1848140,436967247077.2778,61,2026-03-27
BNTX,BioNTech SE,NASDAQ,,,87.46,1840785,21659217964.078407,61,2026-03-27
LSCC,Lattice Semiconductor Corporation,NASDAQ,,,94.92,1822605,12721328850.745766,61,2026-03-27
ACDC,ProFrac Holding Corp.,NASDAQ,,,6.71,1820335,1206741436.313158,61,2026-03-27
AMPL,"Amplitude, Inc.",NASDAQ,,,6.7,1814905,872566665.003171,61,2026-03-27
NWBI,"Northwest Bancshares, Inc.",NASDAQ,,,12.59,1813135,1829666243.8173409,61,2026-03-27
GDYN,"Grid Dynamics Holdings, Inc.",NASDAQ,,,5.72,1808420,477170246.3563385,61,2026-03-27
PZZA,"Papa John's International, Inc.",NASDAQ,,,32.64,1791915,1055803970.912178,61,2026-03-27
ALGM,"Allegro MicroSystems, Inc.",NASDAQ,,,31.23,1791465,5688429850.365715,61,2026-03-27
DFTX,"Definium Therapeutics, Inc. ",NASDAQ,,,18.94,1790080,1793569317.8909092,61,2026-03-27
KC,Kingsoft Cloud Holdings Limited,NASDAQ,,,14.4,1784515,4066026032.111253,61,2026-03-27
GRPN,"Groupon, Inc.",NASDAQ,,,11.14,1776840,443004714.8159828,61,2026-03-27
HTHT,H World Group Limited,NASDAQ,,,50.36,1775005,15158808265.429287,61,2026-03-27
CNXC,Concentrix Corporation,NASDAQ,,,27.72,1769390,1646451521.4385986,61,2026-03-27
ACGL,Arch Capital Group Ltd.,NASDAQ,,,94.12,1755215,33660659213.66427,61,2026-03-27
GH,"Guardant Health, Inc.",NASDAQ,,,88.1,1748810,11140961086.094666,61,2026-03-27
ASO,"Academy Sports and Outdoors, Inc.",NASDAQ,,,53.5,1748490,3648800817.3980713,61,2026-03-27
SLDB,Solid Biosciences Inc.,NASDAQ,,,7.73,1748330,702513968.8233423,61,2026-03-27
SRRK,Scholar Rock Holding Corporation,NASDAQ,,,44.21,1741405,4937675413.490692,61,2026-03-27
PPTA,Perpetua Resources Corp.,NASDAQ,,,25.25,1725365,3255674952.507019,61,2026-03-27
INCY,Incyte Corporation,NASDAQ,,,92.26,1716885,18142161272.572815,61,2026-03-27
AEVA,"Aeva Technologies, Inc.",NASDAQ,,,14.2,1713120,810136750.2262087,61,2026-03-27
ILMN,"Illumina, Inc.",NASDAQ,,,124.4,1690465,18106417720.03174,61,2026-03-27
GPRE,"Green Plains, Inc.",NASDAQ,,,16.5,1683465,1191450641.3420334,61,2026-03-27
GMAB,Genmab A/S,NASDAQ,,,26.03,1681340,15961675080.0,61,2026-03-27
NEO,"NeoGenomics, Inc.",NASDAQ,,,7.76,1679435,982678459.5537429,61,2026-03-27
FTRE,Fortrea Holdings Inc.,NASDAQ,,,9.55,1678710,856459985.7330322,61,2026-03-27
CRMD,CorMedix Inc.,NASDAQ,,,6.7,1675860,545842994.0604329,61,2026-03-27
AHCO,AdaptHealth Corp. ,NASDAQ,,,11.41,1674150,1523605092.5447388,61,2026-03-27
PSNL,"Personalis, Inc.",NASDAQ,,,7.32,1668860,693709058.1341629,61,2026-03-27
ADTN,"ADTRAN Holdings, Inc.",NASDAQ,,,12.97,1649910,1037283084.1677065,61,2026-03-27
ASML,ASML Holding N.V.,NASDAQ,,,1329.5,1642595,519035871859.00635,61,2026-03-27
QDEL,QuidelOrtho Corporation,NASDAQ,,,15.6,1638915,1017141570.4117537,61,2026-03-27
CGON,"CG Oncology, Inc.",NASDAQ,,,66.67,1633970,5473089638.232422,61,2026-03-27
ISRG,"Intuitive Surgical, Inc.",NASDAQ,,,468.55,1628520,161140493595.96753,61,2026-03-27
OLLI,"Ollie's Bargain Outlet Holdings, Inc.",NASDAQ,,,90.52,1615990,5504596362.5,61,2026-03-27
REPL,"Replimune Group, Inc.",NASDAQ,,,7.54,1611585,592871390.2454705,61,2026-03-27
MMYT,MakeMyTrip Limited,NASDAQ,,,40.0,1604785,3528065321.260071,61,2026-03-27
DLO,DLocal Limited,NASDAQ,,,12.36,1599760,3627663115.0538063,61,2026-03-27
ORIC,"Oric Pharmaceuticals, Inc.",NASDAQ,,,12.38,1593555,1347448775.5508022,61,2026-03-27
FHB,"First Hawaiian, Inc.",NASDAQ,,,24.59,1593460,2987086541.1677723,61,2026-03-27
NMFC,New Mountain Finance Corporation,NASDAQ,,,7.65,1591445,763206589.3232107,61,2026-03-27
SLNO,"Soleno Therapeutics, Inc.",NASDAQ,,,31.86,1591390,1591696603.1682491,61,2026-03-27
SFD,"Smithfield Foods, Inc.",NASDAQ,,,25.83,1583295,10411408018.740807,61,2026-03-27
MNDY,monday.com Ltd.,NASDAQ,,,69.38,1582540,3492611618.25,61,2026-03-27
MFIC,MidCap Financial Investment Corporation,NASDAQ,,,11.04,1582375,1028205957.1510086,61,2026-03-27
HALO,"Halozyme Therapeutics, Inc.",NASDAQ,,,63.29,1579165,7354292262.888718,61,2026-03-27
PLAY,"Dave & Buster's Entertainment, Inc.",NASDAQ,,,10.65,1573900,344375042.03357697,61,2026-03-27
COCO,"The Vita Coco Company, Inc.",NASDAQ,,,51.68,1570630,2852966980.409855,61,2026-03-27
HTFL,"Heartflow, Inc.",NASDAQ,,,25.88,1564020,2125077203.0051765,61,2026-03-27
ACLX,"Arcellx, Inc.",NASDAQ,,,114.62,1562895,6704125611.986755,61,2026-03-27
RYAAY,Ryanair Holdings plc,NASDAQ,,,60.69,1557095,31336620920.27665,61,2026-03-27
NWS,News Corporation,NASDAQ,,,27.55,1549050,15163552457.190285,61,2026-03-27
DNTH,"Dianthus Therapeutics, Inc.",NASDAQ,,,82.45,1546810,4310544382.340149,61,2026-03-27
SPRY,"ARS Pharmaceuticals, Inc.",NASDAQ,,,8.56,1544735,821188774.3446999,61,2026-03-27
HAS,"Hasbro, Inc.",NASDAQ,,,91.16,1536190,12703220261.006683,61,2026-03-27
SNDX,"Syndax Pharmaceuticals, Inc.",NASDAQ,,,24.7,1527405,2100497240.8442001,61,2026-03-27
CVBF,CVB Financial Corporation,NASDAQ,,,19.34,1525185,2597859644.161852,61,2026-03-27
NN,NextNav Inc.,NASDAQ,,,18.82,1520205,2458349292.6535892,61,2026-03-27
FA,First Advantage Corporation,NASDAQ,,,11.29,1513720,1957603604.113041,61,2026-03-27
KURA,"Kura Oncology, Inc.",NASDAQ,,,8.36,1509215,701338291.5142694,61,2026-03-27
OZK,Bank OZK,NASDAQ,,,45.41,1507580,5043453682.854462,61,2026-03-27
SONO,"Sonos, Inc.",NASDAQ,,,12.81,1459440,1527830425.9783335,61,2026-03-27
CBSH,"Commerce Bancshares, Inc.",NASDAQ,,,48.99,1459055,7132085704.049149,61,2026-03-27
ALMS,Alumis Inc.,NASDAQ,,,26.32,1458780,3170443277.9796104,61,2026-03-27
ELVN,"Enliven Therapeutics, Inc. ",NASDAQ,,,39.29,1453855,2305604671.5796356,61,2026-03-27
ALGN,"Align Technology, Inc.",NASDAQ,,,177.33,1441145,12059739459.058167,61,2026-03-27
CHRD,Chord Energy Corporation,NASDAQ,,,143.95,1440590,8271725353.977493,61,2026-03-27
CARG,"CarGurus, Inc.",NASDAQ,,,35.66,1438565,3359952888.825016,61,2026-03-27
FORM,"FormFactor, Inc.",NASDAQ,,,100.35,1430525,7814780351.692978,61,2026-03-27
IMNM,"Immunome, Inc.",NASDAQ,,,20.41,1430010,2247390972.2408657,61,2026-03-27
CLMT,"Calumet, Inc",NASDAQ,,,30.79,1428275,2670982360.9247303,61,2026-03-27
CNTA,Centessa Pharmaceuticals plc,NASDAQ,,,29.4,1423065,4343688676.883297,61,2026-03-27
ARQT,"Arcutis Biotherapeutics, Inc.",NASDAQ,,,22.38,1418075,2700206782.9179764,61,2026-03-27
EYE,"National Vision Holdings, Inc.",NASDAQ,,,27.43,1417525,2132094057.5211525,61,2026-03-27
REG,Regency Centers Corporation,NASDAQ,,,74.37,1416570,13966778967.215729,61,2026-03-27
ROP,"Roper Technologies, Inc.",NASDAQ,,,351.07,1415170,37102085066.90509,61,2026-03-27
ARHS,"Arhaus, Inc.",NASDAQ,,,6.7,1407950,935640997.7501678,61,2026-03-27
LEGN,Legend Biotech Corporation,NASDAQ,,,17.49,1405150,3196033724.438965,61,2026-03-27
STAA,STAAR Surgical Company,NASDAQ,,,18.64,1392015,916480995.3225689,61,2026-03-27
EYPT,"EyePoint, Inc.",NASDAQ,,,13.06,1391525,1062505854.6059132,61,2026-03-27
EWBC,"East West Bancorp, Inc.",NASDAQ,,,106.13,1375825,14384321529.009819,61,2026-03-27
LQDA,Liquidia Corporation,NASDAQ,,,36.77,1375485,3098543976.456169,61,2026-03-27
FCEL,"FuelCell Energy, Inc.",NASDAQ,,,6.88,1367625,352779605.45001507,61,2026-03-27
RGLD,"Royal Gold, Inc.",NASDAQ,,,230.69,1363195,19988892204.675903,61,2026-03-27
MLYS,"Mineralys Therapeutics, Inc.",NASDAQ,,,23.61,1363130,1965227581.7329063,61,2026-03-27
QRVO,"Qorvo, Inc.",NASDAQ,,,80.61,1360205,7181909065.296112,61,2026-03-27
CLBT,Cellebrite DI Ltd.,NASDAQ,,,13.79,1357910,3322538286.317009,61,2026-03-27
HPK,"HighPeak Energy, Inc.",NASDAQ,,,6.92,1352490,887033887.6699104,61,2026-03-27
SFNC,Simmons First National Corporation,NASDAQ,,,19.4,1349210,2772770484.019684,61,2026-03-27
NTRA,"Natera, Inc.",NASDAQ,,,196.15,1339755,26736182913.49411,61,2026-03-27
PCVX,"Vaxcyte, Inc.",NASDAQ,,,54.71,1338790,7810645019.710304,61,2026-03-27
SHOO,"Steven Madden, Ltd.",NASDAQ,,,33.2,1337495,2362342787.6545944,61,2026-03-27
STEP,StepStone Group Inc.,NASDAQ,,,46.85,1337265,5655474155.394154,61,2026-03-27
CRVS,"Corvus Pharmaceuticals, Inc.",NASDAQ,,,14.07,1330465,1187652663.8165045,61,2026-03-27
ATAT,Atour Lifestyle Holdings Limited,NASDAQ,,,36.04,1320305,4897309913.670475,61,2026-03-27
GGAL,Grupo Financiero Galicia S.A.,NASDAQ,,,44.53,1312070,7509753927.524048,61,2026-03-27
PTLO,Portillo's Inc.,NASDAQ,,,5.38,1308265,371858743.0036545,61,2026-03-27
HSIC,"Henry Schein, Inc.",NASDAQ,,,73.71,1305020,8536226007.05732,61,2026-03-27
MKSI,MKS Inc.,NASDAQ,,,225.12,1300315,15170724894.43222,61,2026-03-27
CAKE,The Cheesecake Factory Incorporated,NASDAQ,,,55.33,1296675,2657988209.6810417,61,2026-03-27
CBRL,"Cracker Barrel Old Country Store, Inc.",NASDAQ,,,27.8,1292870,590737544.7109909,61,2026-03-27
AVAH,Aveanna Healthcare Holdings Inc.,NASDAQ,,,6.61,1292120,1396414511.9146996,61,2026-03-27
APGE,"Apogee Therapeutics, Inc.",NASDAQ,,,78.42,1290310,5944313797.181824,61,2026-03-27
FIVE,"Five Below, Inc.",NASDAQ,,,226.79,1286400,12467867309.00351,61,2026-03-27
FIBK,"First Interstate BancSystem, Inc.",NASDAQ,,,33.5,1280915,3363194554.7962875,61,2026-03-27
FULC,"Fulcrum Therapeutics, Inc.",NASDAQ,,,6.94,1280755,448885393.4164219,61,2026-03-27
LBTYK,Liberty Global Ltd.,NASDAQ,,,11.71,1276800,3898059175.7069874,61,2026-03-27
MTSI,"MACOM Technology Solutions Holdings, Inc.",NASDAQ,,,228.5,1276265,17067848868.652039,61,2026-03-27
KOD,Kodiak Sciences Inc,NASDAQ,,,39.76,1271125,2490165474.801506,61,2026-03-27
GLUE,"Monte Rosa Therapeutics, Inc.",NASDAQ,,,15.67,1269065,1237842389.8564882,61,2026-03-27
IMVT,"Immunovant, Inc. ",NASDAQ,,,25.36,1268740,5014015300.884819,61,2026-03-27
EXPI,"eXp World Holdings, Inc.",NASDAQ,,,6.2,1268565,959857886.9435692,61,2026-03-27
CPRX,"Catalyst Pharmaceuticals, Inc.",NASDAQ,,,24.25,1268235,2919169215.0,61,2026-03-27
CROX,"Crocs, Inc.",NASDAQ,,,79.94,1264695,4123660730.7834015,61,2026-03-27
DOX,Amdocs Limited,NASDAQ,,,65.77,1262685,7023196808.851318,61,2026-03-27
STLD,"Steel Dynamics, Inc.",NASDAQ,,,174.42,1261275,25044279113.237305,61,2026-03-27
CRNX,"Crinetics Pharmaceuticals, Inc.",NASDAQ,,,36.31,1249805,3645315920.159111,61,2026-03-27
LNTH,"Lantheus Holdings, Inc.",NASDAQ,,,76.36,1249355,4853398954.127365,61,2026-03-27
PTCT,"PTC Therapeutics, Inc.",NASDAQ,,,67.0,1231520,5481756367.9457855,61,2026-03-27
AUPH,Aurinia Pharmaceuticals Inc,NASDAQ,,,14.6,1222500,1894836450.75,61,2026-03-27
NRIX,"Nurix Therapeutics, Inc.",NASDAQ,,,15.53,1211690,1535446200.5451965,61,2026-03-27
DRS,"Leonardo DRS, Inc.",NASDAQ,,,46.53,1208665,12192005339.689484,61,2026-03-27
ALNY,"Alnylam Pharmaceuticals, Inc.",NASDAQ,,,328.16,1208385,42719238971.118164,61,2026-03-27
CCOI,"Cogent Communications Holdings, Inc.",NASDAQ,,,17.92,1207010,868774999.405014,61,2026-03-27
INTA,"Intapp, Inc.",NASDAQ,,,25.2,1203730,2044884915.7140656,61,2026-03-27
IMRX,Immuneering Corporation,NASDAQ,,,5.22,1195000,324557687.2868433,61,2026-03-27
HLIT,Harmonic Inc.,NASDAQ,,,9.4,1189235,1064530753.7228289,61,2026-03-27
BL,"BlackLine, Inc.",NASDAQ,,,37.56,1186970,2161282637.5,61,2026-03-27
IEP,Icahn Enterprises L.P.,NASDAQ,,,7.66,1181155,4817303420.658583,61,2026-03-27
NTRS,Northern Trust Corporation,NASDAQ,,,137.98,1180685,25738875075.180817,61,2026-03-27
FIP,FTAI Infrastructure Inc.,NASDAQ,,,5.16,1172515,583137137.1636271,61,2026-03-27
PTRN,Pattern Group Inc.,NASDAQ,,,12.48,1162135,2342124722.0519705,61,2026-03-27
LMRI,"Lumexa Imaging Holdings, Inc.",NASDAQ,,,7.76,1155365,696948851.7878199,61,2026-03-27
ADEA,Adeia Inc. ,NASDAQ,,,24.37,1153967,2672388022.911804,61,2026-03-27
JANX,"Janux Therapeutics, Inc.",NASDAQ,,,13.63,1147140,815752497.6778259,61,2026-03-27
PTC,PTC Inc.,NASDAQ,,,144.01,1134305,16584488105.884277,61,2026-03-27
NRDS,"NerdWallet, Inc.",NASDAQ,,,10.53,1131540,734767165.9695244,61,2026-03-27
CVLT,"Commvault Systems, Inc.",NASDAQ,,,81.16,1128580,3430100460.349594,61,2026-03-27
SSYS,"Stratasys, Ltd.",NASDAQ,,,7.91,1122335,659219931.5680537,61,2026-03-27
CHDN,"Churchill Downs, Incorporated",NASDAQ,,,87.57,1107195,5986228604.735657,61,2026-03-27
PHAT,"Phathom Pharmaceuticals, Inc.",NASDAQ,,,10.79,1106585,829750416.3184738,61,2026-03-27
PRCH,"Porch Group, Inc.",NASDAQ,,,7.21,1099155,730840639.9457359,61,2026-03-27
KALV,"KalVista Pharmaceuticals, Inc.",NASDAQ,,,18.95,1098465,992691755.0723782,61,2026-03-27
MXL,"MaxLinear, Inc",NASDAQ,,,17.16,1089315,1487959440.0441647,61,2026-03-27
PAYS,"Paysign, Inc.",NASDAQ,,,5.33,1082925,313453028.4467993,61,2026-03-27
IAC,IAC Inc.,NASDAQ,,,39.88,1072615,3006725279.13414,61,2026-03-27
BBNX,"Beta Bionics, Inc.",NASDAQ,,,11.52,1071565,483321585.1774006,61,2026-03-27
MAZE,"Maze Therapeutics, Inc.",NASDAQ,,,31.71,1071130,1473159582.9720306,61,2026-03-27
LILAK,Liberty Latin America Ltd.,NASDAQ,,,8.39,1062855,1678821315.4581566,61,2026-03-27
AMBA,"Ambarella, Inc.",NASDAQ,,,52.67,1062655,2244131940.850708,61,2026-03-27
AMLX,"Amylyx Pharmaceuticals, Inc.",NASDAQ,,,13.47,1059800,1498328309.6531982,61,2026-03-27
KLAC,KLA Corporation ,NASDAQ,,,1451.13,1059160,193074464658.4585,61,2026-03-27
RYTM,"Rhythm Pharmaceuticals, Inc.",NASDAQ,,,81.9,1052745,5451877263.6927185,61,2026-03-27
LPLA,LPL Financial Holdings Inc.,NASDAQ,,,303.72,1050245,23899930996.991272,61,2026-03-27
LINE,"Lineage, Inc.",NASDAQ,,,33.65,1048505,8122820774.437134,61,2026-03-27
NAVI,Navient Corporation,NASDAQ,,,8.23,1047045,772128093.2778511,61,2026-03-27
INMD,InMode Ltd. ,NASDAQ,,,13.75,1045855,865797316.3330555,61,2026-03-27
GRAL,"GRAIL, Inc.",NASDAQ,,,52.16,1045730,1971843645.3316116,61,2026-03-27
AZTA,"Azenta, Inc.",NASDAQ,,,21.31,1044965,936891506.8884315,61,2026-03-27
ABVX,Abivax SA,NASDAQ,,,109.48,1043415,8236033418.514526,61,2026-03-27
CLDX,"Celldex Therapeutics, Inc.",NASDAQ,,,31.75,1043230,2050243406.0139084,61,2026-03-27
LBRDK,Liberty Broadband Corporation,NASDAQ,,,50.82,1043230,7222241013.652191,61,2026-03-27
GLBE,Global-E Online Ltd.,NASDAQ,,,30.9,1039010,5003524524.86557,61,2026-03-27
LOGI,Logitech International S.A.,NASDAQ,,,92.58,1037675,13279093115.203903,61,2026-03-27
SBAC,SBA Communications Corporation,NASDAQ,,,166.17,1036985,17684367035.88867,61,2026-03-27
NSSC,"NAPCO Security Technologies, Inc.",NASDAQ,,,38.92,1036420,1375216382.4174957,61,2026-03-27
CFFN,"Capitol Federal Financial, Inc.",NASDAQ,,,7.1,1036415,916782171.8150663,61,2026-03-27
RGNX,REGENXBIO Inc.,NASDAQ,,,8.26,1028510,408774837.2177582,61,2026-03-27
DPZ,Domino's Pizza Inc,NASDAQ,,,358.54,1028225,11843424699.154602,61,2026-03-27
POWI,"Power Integrations, Inc.",NASDAQ,,,50.05,1024340,2743007578.3691406,61,2026-03-27
ITRI,"Itron, Inc.",NASDAQ,,,88.35,1024150,3855822861.0,61,2026-03-27
CTLP,"Cantaloupe, Inc.",NASDAQ,,,10.66,1020365,783277061.25,61,2026-03-27
NBIX,"Neurocrine Biosciences, Inc.",NASDAQ,,,132.42,1017730,12992049979.065018,61,2026-03-27
STOK,"Stoke Therapeutics, Inc.",NASDAQ,,,33.7,1015595,1948426941.3687515,61,2026-03-27
SKYT,"SkyWater Technology, Inc.",NASDAQ,,,27.87,1015105,1336233938.9409256,61,2026-03-27
ERII,"Energy Recovery, Inc.",NASDAQ,,,9.94,1013075,524423740.09274864,61,2026-03-27
FLGT,"Fulgent Genetics, Inc.",NASDAQ,,,16.37,1012850,490789386.64541626,61,2026-03-27
SHMD,SCHMID Group N.V.,NASDAQ,,,6.6,1010580,333617796.0,61,2026-03-27
JBHT,"J.B. Hunt Transport Services, Inc.",NASDAQ,,,206.18,1008455,19523332199.141663,61,2026-03-27
PODD,Insulet Corporation,NASDAQ,,,218.11,1002965,14768344479.291626,61,2026-03-27
SNCY,"Sun Country Airlines Holdings, Inc.",NASDAQ,,,17.04,1001310,892022553.7018471,61,2026-03-27
JKHY,"Jack Henry & Associates, Inc.",NASDAQ,,,157.2,993885,11235826524.499466,61,2026-03-27
PLAB,"Photronics, Inc.",NASDAQ,,,39.76,987465,2345512127.7436523,61,2026-03-27
RDNT,"RadNet, Inc.",NASDAQ,,,59.41,985890,4460368918.491364,61,2026-03-27
PTGX,"Protagonist Therapeutics, Inc.",NASDAQ,,,102.17,980420,6345776611.471252,61,2026-03-27
HWC,Hancock Whitney Corporation,NASDAQ,,,63.44,979610,5121899821.9262085,61,2026-03-27
IDYA,"IDEAYA Biosciences, Inc.",NASDAQ,,,32.09,978335,2729259952.4603214,61,2026-03-27
CHKP,Check Point Software Technologies Ltd.,NASDAQ,,,142.82,977370,14929499268.52707,61,2026-03-27
REYN,Reynolds Consumer Products Inc.,NASDAQ,,,20.93,976270,4433879110.5342865,61,2026-03-27
AUGO,Aura Minerals Inc.,NASDAQ,,,66.27,974740,5808989623.718124,61,2026-03-27
FFIN,"First Financial Bankshares, Inc.",NASDAQ,,,29.53,973700,4191584979.3751984,61,2026-03-27
FOXF,Fox Factory Holding Corp.,NASDAQ,,,18.21,971465,749335489.9712334,61,2026-03-27
NTES,"NetEase, Inc.",NASDAQ,,,109.94,967935,70643970305.23627,61,2026-03-27
ARKO,ARKO Corp.,NASDAQ,,,5.51,964025,606740610.783361,61,2026-03-27
PPC,Pilgrim's Pride Corporation,NASDAQ,,,36.13,962780,8679983967.401184,61,2026-03-27
HQY,"HealthEquity, Inc.",NASDAQ,,,83.85,960195,7074978717.885315,61,2026-03-27
MRX,Marex Group plc,NASDAQ,,,40.55,958465,3131377515.56398,61,2026-03-27
HNRG,Hallador Energy Company,NASDAQ,,,18.38,956615,837958666.5495682,61,2026-03-27
KYIV,Kyivstar Group Ltd.,NASDAQ,,,10.21,955370,2377895381.533742,61,2026-03-27
PCRX,"Pacira BioSciences, Inc.",NASDAQ,,,23.31,950380,986477848.8790512,61,2026-03-27
MIRM,"Mirum Pharmaceuticals, Inc.",NASDAQ,,,88.88,947295,5396350826.7248,61,2026-03-27
BIIB,Biogen Inc.,NASDAQ,,,191.06,942750,27434305073.382812,61,2026-03-27
AAON,"AAON, Inc.",NASDAQ,,,83.4,938300,6761749256.446426,61,2026-03-27
LXEO,"Lexeo Therapeutics, Inc.",NASDAQ,,,5.65,937030,403619933.6233506,61,2026-03-27
NAMS,NewAmsterdam Pharma Company N.V.,NASDAQ,,,31.25,929320,3561938520.9284286,61,2026-03-27
IART,Integra LifeSciences Holdings Corporation,NASDAQ,,,9.38,926090,728323229.5714798,61,2026-03-27
EMBC,Embecta Corp.,NASDAQ,,,8.87,922385,512251714.5094185,61,2026-03-27
CALM,"Cal-Maine Foods, Inc.",NASDAQ,,,78.7,922340,3757044812.1256714,61,2026-03-27
PRVA,"Privia Health Group, Inc.",NASDAQ,,,20.18,922335,2445317530.1500053,61,2026-03-27
EWTX,"Edgewise Therapeutics, Inc.",NASDAQ,,,31.65,922310,3348449329.3831825,61,2026-03-27
RGEN,Repligen Corporation,NASDAQ,,,114.42,917820,6230784111.481781,61,2026-03-27
CINF,Cincinnati Financial Corporation,NASDAQ,,,157.56,916675,24267586425.0,61,2026-03-27
FFBC,First Financial Bancorp.,NASDAQ,,,27.7,915230,2879255212.103571,61,2026-03-27
MMSI,"Merit Medical Systems, Inc.",NASDAQ,,,69.31,914490,4088917034.1718597,61,2026-03-27
SEIC,SEI Investments Company,NASDAQ,,,76.92,908160,9311517580.20543,61,2026-03-27
CGEM,"Cullinan Therapeutics, Inc.",NASDAQ,,,13.67,906720,794708067.5666656,61,2026-03-27
PRGS,Progress Software Corporation,NASDAQ,,,29.17,902715,1188025999.7338028,61,2026-03-27
AXGN,"Axogen, Inc.",NASDAQ,,,32.25,901250,1626992350.4973946,61,2026-03-27
HUBG,"Hub Group, Inc.",NASDAQ,,,36.11,901005,2167173260.8136673,61,2026-03-27
AMSC,American Superconductor Corporation,NASDAQ,,,32.31,899525,1573347870.6443024,61,2026-03-27
LIVN,LivaNova PLC,NASDAQ,,,63.65,898805,3355497316.9449615,61,2026-03-27
OSPN,OneSpan Inc.,NASDAQ,,,10.64,891920,388256937.49061966,61,2026-03-27
SNEX,StoneX Group Inc.,NASDAQ,,,77.96,890910,6140568803.186798,61,2026-03-27
CWST,"Casella Waste Systems, Inc.",NASDAQ,,,76.62,890750,4787742962.011482,61,2026-03-27
FWRD,Forward Air Corporation,NASDAQ,,,17.06,888310,515754112.8584194,61,2026-03-27
PUBM,"PubMatic, Inc.",NASDAQ,,,8.31,881500,390620682.9097595,61,2026-03-27
PAX,Patria Investments Limited,NASDAQ,,,11.51,881075,1864187305.9643326,61,2026-03-27
PECO,"Phillips Edison & Company, Inc.",NASDAQ,,,36.88,879960,5135387207.045502,61,2026-03-27
SBCF,Seacoast Banking Corporation of Florida,NASDAQ,,,29.94,878670,2899578563.7682915,61,2026-03-27
GRFS,"Grifols, S.A.",NASDAQ,,,7.62,878245,6180463366.452562,61,2026-03-27
LGN,Legence Corp.,NASDAQ,,,52.98,873755,5903664433.139954,61,2026-03-27
ARVN,"Arvinas, Inc.",NASDAQ,,,10.87,873220,654445528.9104137,61,2026-03-27
HOPE,"Hope Bancorp, Inc.",NASDAQ,,,11.14,870150,1410241129.0,61,2026-03-27
GCMG,GCM Grosvenor Inc.,NASDAQ,,,9.65,868540,510915092.3019409,61,2026-03-27
AVO,"Mission Produce, Inc.",NASDAQ,,,13.6,863840,992203335.9277229,61,2026-03-27
HLNE,Hamilton Lane Incorporated,NASDAQ,,,97.53,860840,5348788202.150253,61,2026-03-27
OCSL,Oaktree Specialty Lending Corporation,NASDAQ,,,11.14,860520,979511016.7994118,61,2026-03-27
MOMO,Hello Group Inc. ,NASDAQ,,,5.84,859580,927945751.0898352,61,2026-03-27
AXON,"Axon Enterprise, Inc.",NASDAQ,,,450.46,858835,35081525976.958466,61,2026-03-27
INOD,Innodata Inc.,NASDAQ,,,41.0,856235,1226176171.068924,61,2026-03-27
PENG,"Penguin Solutions, Inc.",NASDAQ,,,17.66,842950,886427052.6399345,61,2026-03-27
LIND,Lindblad Expeditions Holdings Inc. ,NASDAQ,,,18.16,839645,1119071569.308342,61,2026-03-27
IMMX,"Immix Biopharma, Inc.",NASDAQ,,,8.72,838810,431661054.145628,61,2026-03-27
MNRO,"Monro, Inc. ",NASDAQ,,,15.64,838640,462002577.70643234,61,2026-03-27
AVT,"Avnet, Inc.",NASDAQ,,,61.2,836970,4946160316.244431,61,2026-03-27
MLKN,"MillerKnoll, Inc.",NASDAQ,,,15.03,830735,1037656283.5935745,61,2026-03-27
JAZZ,Jazz Pharmaceuticals plc,NASDAQ,,,189.15,827945,11458782454.560852,61,2026-03-27
MITK,"Mitek Systems, Inc.",NASDAQ,,,13.7,825365,604292715.5436792,61,2026-03-27
MLTX,MoonLake Immunotherapeutics,NASDAQ,,,17.75,821640,1245913248.9464283,61,2026-03-27
PSIX,"Power Solutions International, Inc.",NASDAQ,,,58.95,812940,1412992567.4139023,61,2026-03-27
QNST,"QuinStreet, Inc.",NASDAQ,,,12.11,812795,687346928.2556086,61,2026-03-27
ISSC,"Innovative Solutions and Support, Inc.",NASDAQ,,,22.08,811660,378145385.01828,61,2026-03-27
GILT,Gilat Satellite Networks Ltd.,NASDAQ,,,16.57,807610,1184893869.205059,61,2026-03-27
FDMT,"4D Molecular Therapeutics, Inc.",NASDAQ,,,10.18,807005,497241471.6952419,61,2026-03-27
PWP,Perella Weinberg Partners,NASDAQ,,,17.5,806780,1601460331.1681786,61,2026-03-27
PRDO,Perdoceo Education Corporation,NASDAQ,,,37.89,802445,2417881920.244831,61,2026-03-27
SANM,Sanmina Corporation,NASDAQ,,,130.97,792705,7169621961.040894,61,2026-03-27
AGIO,"Agios Pharmaceuticals, Inc.",NASDAQ,,,29.95,790040,1742531181.869316,61,2026-03-27
HTO,H2O America ,NASDAQ,,,57.91,787385,2430861051.0062256,61,2026-03-27
ACLS,"Axcelis Technologies, Inc.",NASDAQ,,,98.35,785605,3007372035.373192,61,2026-03-27
CGBD,"Carlyle Secured Lending, Inc.",NASDAQ,,,11.2,779370,816513373.2948599,61,2026-03-27
GSAT,"Globalstar, Inc.",NASDAQ,,,60.28,777245,8240333510.641632,61,2026-03-27
FFIV,"F5, Inc.",NASDAQ,,,293.15,776590,16031237575.136047,61,2026-03-27
BHF,"Brighthouse Financial, Inc.",NASDAQ,,,60.47,775625,3433047374.739399,61,2026-03-27
PANL,Pangaea Logistics Solutions Ltd.,NASDAQ,,,6.84,772480,443187009.92816544,61,2026-03-27
HTBK,Heritage Commerce Corp,NASDAQ,,,12.39,771030,754517729.0,61,2026-03-27
INVA,"Innoviva, Inc.",NASDAQ,,,22.66,768465,1704434634.4241123,61,2026-03-27
CELC,Celcuity Inc.,NASDAQ,,,114.81,763045,5298261492.476807,61,2026-03-27
ADAM,"Adamas Trust, Inc.",NASDAQ,,,7.4,759830,660915045.47405,61,2026-03-27
GIII,"G-III Apparel Group, LTD.",NASDAQ,,,26.89,753365,1115062894.715149,61,2026-03-27
MRTN,"Marten Transport, Ltd.",NASDAQ,,,12.86,748585,1044340943.5618925,61,2026-03-27
POOL,Pool Corporation,NASDAQ,,,201.04,746560,7559223944.598877,61,2026-03-27
SAIC,Science Applications International Corporation,NASDAQ,,,99.4,745610,4445050377.5,61,2026-03-27
ROMA,Roma Green Finance Limited,NASDAQ,,,7.85,742685,409971042.2511177,61,2026-03-27
CECO,CECO Environmental Corp.,NASDAQ,,,61.09,736050,2203433883.6026306,61,2026-03-27
HRMY,"Harmony Biosciences Holdings, Inc.",NASDAQ,,,27.44,733075,1551285249.8284454,61,2026-03-27
APPN,Appian Corporation,NASDAQ,,,24.0,730720,1743601021.2268066,61,2026-03-27
AMPH,"Amphastar Pharmaceuticals, Inc.",NASDAQ,,,19.53,725805,895148328.4847641,61,2026-03-27
NTCT,"NetScout Systems, Inc.",NASDAQ,,,32.6,724630,2300218175.049877,61,2026-03-27
OCFC,OceanFirst Financial Corp.,NASDAQ,,,17.64,723990,1005109313.2982788,61,2026-03-27
GCT,GigaCloud Technology Inc,NASDAQ,,,43.52,723075,1588066790.0117683,61,2026-03-27
SPSC,"SPS Commerce, Inc.",NASDAQ,,,55.1,720205,2055522705.156536,61,2026-03-27
DAKT,"Daktronics, Inc.",NASDAQ,,,19.9,718410,934008185.4416733,61,2026-03-27
CBC,"Central Bancompany, Inc.",NASDAQ,,,23.93,717415,5721445269.630432,61,2026-03-27
PCTY,Paylocity Holding Corporation,NASDAQ,,,111.03,716730,5885721616.395447,61,2026-03-27
OLED,Universal Display Corporation,NASDAQ,,,93.55,713910,4401104669.396194,61,2026-03-27
DAVE,Dave Inc. ,NASDAQ,,,179.1,709100,2350926765.865082,61,2026-03-27
BUSE,First Busey Corporation,NASDAQ,,,24.96,697800,2134991681.735897,61,2026-03-27
ATRO,Astronics Corporation,NASDAQ,,,65.28,697575,2312788248.920822,61,2026-03-27
EH,EHang Holdings Limited,NASDAQ,,,9.7,692810,685281464.5889015,61,2026-03-27
KSPI,Joint Stock Company Kaspi.kz,NASDAQ,,,74.16,690780,13768791672.884445,61,2026-03-27
HCSG,"Healthcare Services Group, Inc.",NASDAQ,,,19.11,687280,1313643016.201973,61,2026-03-27
CATY,Cathay General Bancorp,NASDAQ,,,49.6,686010,3347401509.907818,61,2026-03-27
PRAA,"PRA Group, Inc.",NASDAQ,,,17.61,683535,667554253.5431366,61,2026-03-27
DSGX,The Descartes Systems Group Inc.,NASDAQ,,,71.64,683505,6027292299.065247,61,2026-03-27
PI,"Impinj, Inc.",NASDAQ,,,101.78,680260,3082422676.882065,61,2026-03-27
ORKA,"Oruka Therapeutics, Inc.",NASDAQ,,,45.46,679615,2211090352.247303,61,2026-03-27
EQIX,"Equinix, Inc.",NASDAQ,,,963.39,679415,94913276939.19922,61,2026-03-27
KNSA,"Kiniksa Pharmaceuticals International, plc",NASDAQ,,,46.78,675780,3544353413.9753456,61,2026-03-27
SEZL,Sezzle Inc.,NASDAQ,,,67.03,673765,2160525175.1951523,61,2026-03-27
MANH,"Manhattan Associates, Inc.",NASDAQ,,,132.2,671910,7682372053.36821,61,2026-03-27
AEIS,"Advanced Energy Industries, Inc.",NASDAQ,,,313.11,668720,11818324837.234497,61,2026-03-27
COLL,"Collegium Pharmaceutical, Inc.",NASDAQ,,,33.42,664710,1037694945.170311,61,2026-03-27
MRCY,Mercury Systems Inc,NASDAQ,,,76.16,662140,4325254509.924988,61,2026-03-27
IRTC,"iRhythm Holdings, Inc. ",NASDAQ,,,122.8,662095,3833414159.9606323,61,2026-03-27
KYTX,"Kyverna Therapeutics, Inc.",NASDAQ,,,8.03,657340,473276431.2307172,61,2026-03-27
IMTX,Immatics N.V.,NASDAQ,,,9.77,654985,1281963322.8291626,61,2026-03-27
CSWC,Capital Southwest Corporation,NASDAQ,,,21.82,651000,1301003682.5,61,2026-03-27
EEFT,"Euronet Worldwide, Inc.",NASDAQ,,,68.53,637075,2792607635.03389,61,2026-03-27
EWCZ,"European Wax Center, Inc.",NASDAQ,,,5.78,636310,315496982.12330246,61,2026-03-27
CCRN,"Cross Country Healthcare, Inc.",NASDAQ,,,9.73,635610,313021351.35754395,61,2026-03-27
QLYS,"Qualys, Inc.",NASDAQ,,,91.11,628330,3142263431.5522156,61,2026-03-27
SCZM,Santacruz Silver Mining Ltd.,NASDAQ,,,7.3,627355,702451683.406867,61,2026-03-27
OMCL,"Omnicell, Inc.",NASDAQ,,,35.2,616090,1511653012.6589127,61,2026-03-27
SLAB,"Silicon Laboratories, Inc.",NASDAQ,,,206.79,613255,6805999879.529297,61,2026-03-27
REGN,"Regeneron Pharmaceuticals, Inc.",NASDAQ,,,756.73,612050,78879661136.51001,61,2026-03-27
AVBP,"ArriVent BioPharma, Inc.",NASDAQ,,,21.81,610820,954755052.0615807,61,2026-03-27
CDNA,"CareDx, Inc.",NASDAQ,,,17.47,609715,880012501.7919922,61,2026-03-27
ATRC,"AtriCure, Inc.",NASDAQ,,,30.04,609170,1443989018.5894184,61,2026-03-27
PRTA,Prothena Corporation plc,NASDAQ,,,9.52,607465,500646752.16782665,61,2026-03-27
BIOA,"BioAge Labs, Inc.",NASDAQ,,,16.25,605205,719839563.186842,61,2026-03-27
COLM,Columbia Sportswear Company,NASDAQ,,,54.84,604785,2960655707.4148674,61,2026-03-27
ANAB,"AnaptysBio, Inc.",NASDAQ,,,64.99,602345,1648281174.1051865,61,2026-03-27
ENGN,enGene Holdings Inc.,NASDAQ,,,6.96,601170,447824583.06183195,61,2026-03-27
LGIH,"LGI Homes, Inc.",NASDAQ,,,39.36,601155,896407082.5,61,2026-03-27
KLIC,"Kulicke and Soffa Industries, Inc.",NASDAQ,,,64.75,599970,3375453732.0,61,2026-03-27
CASY,"Caseys General Stores, Inc.",NASDAQ,,,711.81,598630,26322221405.820374,61,2026-03-27
CRUS,"Cirrus Logic, Inc.",NASDAQ,,,148.69,598105,7378994560.864777,61,2026-03-27
ASND,Ascendis Pharma A/S,NASDAQ,,,220.6,596420,13593058894.788452,61,2026-03-27
SAIA,"Saia, Inc.",NASDAQ,,,336.78,595405,8908420401.104431,61,2026-03-27
IRON,"Disc Medicine, Inc.",NASDAQ,,,62.01,593910,2318033107.665653,61,2026-03-27
SIBN,"SI-BONE, Inc.",NASDAQ,,,12.84,589835,556040970.069088,61,2026-03-27
KROS,"Keros Therapeutics, Inc.",NASDAQ,,,11.08,587765,332994143.4675064,61,2026-03-27
LAND,Gladstone Land Corporation,NASDAQ,,,10.19,587485,418942270.43325233,61,2026-03-27
IDCC,"InterDigital, Inc.",NASDAQ,,,299.04,583965,7762363473.767822,61,2026-03-27
COKE,"Coca-Cola Consolidated, Inc.",NASDAQ,,,180.02,583640,12221870245.577621,61,2026-03-27
NICE,NICE Ltd,NASDAQ,,,109.41,579645,6608971334.178589,61,2026-03-27
CV,"CapsoVision, Inc.",NASDAQ,,,7.53,578090,347226549.92704296,61,2026-03-27
LINC,Lincoln Educational Services Corporation,NASDAQ,,,40.85,577785,1312457013.017868,61,2026-03-27
BCAX,Bicara Therapeutics Inc.,NASDAQ,,,18.92,577555,1216901376.3330688,61,2026-03-27
BPOP,"Popular, Inc.",NASDAQ,,,132.77,577505,8491553763.451843,61,2026-03-27
ASTH,Astrana Health Inc.,NASDAQ,,,24.27,576310,1352835535.0977821,61,2026-03-27
CRTO,Criteo S.A.,NASDAQ,,,17.64,571655,889019405.5316448,61,2026-03-27
MBX,"MBX Biosciences, Inc.",NASDAQ,,,28.29,571285,1333374995.1682072,61,2026-03-27
AXSM,"Axsome Therapeutics, Inc.",NASDAQ,,,164.26,570485,8055364497.489899,61,2026-03-27
OPRA,Opera Limited,NASDAQ,,,13.92,568580,1220558275.5361881,61,2026-03-27
SITM,SiTime Corporation,NASDAQ,,,334.67,565345,8712899065.080719,61,2026-03-27
ROAD,"Construction Partners, Inc.",NASDAQ,,,109.71,560485,6229690086.198364,61,2026-03-27
FMNB,Farmers National Banc Corp.,NASDAQ,,,13.01,560415,759462277.3956699,61,2026-03-27
BLFS,"BioLife Solutions, Inc.",NASDAQ,,,19.65,558405,925186533.164978,61,2026-03-27
SCHL,Scholastic Corporation,NASDAQ,,,39.02,558040,991081197.4001312,61,2026-03-27
MELI,"MercadoLibre, Inc.",NASDAQ,,,1630.99,557770,81421450426.18384,61,2026-03-27
SIGI,"Selective Insurance Group, Inc.",NASDAQ,,,74.76,557240,4520414260.892395,61,2026-03-27
BLKB,"Blackbaud, Inc.",NASDAQ,,,39.34,552845,1824395596.0043335,61,2026-03-27
LE,"Lands' End, Inc.",NASDAQ,,,13.8,546280,419794736.00387573,61,2026-03-27
CDZI,"Cadiz, Inc.",NASDAQ,,,5.06,545955,416441995.04282284,61,2026-03-27
MIDD,The Middleby Corporation,NASDAQ,,,133.88,545285,6614248845.833313,61,2026-03-27
NUVL,"Nuvalent, Inc.",NASDAQ,,,98.06,544960,7589685348.516014,61,2026-03-27
IBOC,International Bancshares Corporation,NASDAQ,,,67.85,543950,4207877323.0763397,61,2026-03-27
SBGI,"Sinclair, Inc.",NASDAQ,,,13.16,542570,931047429.0,61,2026-03-27
MKTX,"MarketAxess Holdings, Inc.",NASDAQ,,,166.72,539945,6199092714.74382,61,2026-03-27
CLYM,"Climb Bio, Inc.",NASDAQ,,,7.11,538235,498428215.94845533,61,2026-03-27
HELE,Helen of Troy Limited,NASDAQ,,,14.85,537305,327854584.5101309,61,2026-03-27
DIOD,Diodes Incorporated,NASDAQ,,,71.0,531990,3190847030.74704,61,2026-03-27
SKWD,"Skyward Specialty Insurance Group, Inc.",NASDAQ,,,43.26,527945,1917578914.2663383,61,2026-03-27
IDXX,"IDEXX Laboratories, Inc.",NASDAQ,,,573.29,525995,45046531746.92908,61,2026-03-27
ESTA,Establishment Labs Holdings Inc.,NASDAQ,,,59.91,525655,1648711157.1579819,61,2026-03-27
KMTS,"Kestra Medical Technologies, Ltd.",NASDAQ,,,19.68,523520,1109677453.8906002,61,2026-03-27
APEI,"American Public Education, Inc.",NASDAQ,,,57.42,519675,1058897102.0085297,61,2026-03-27
EXPO,"Exponent, Inc.",NASDAQ,,,65.3,519200,3236184487.6393585,61,2026-03-27
CHEF,"The Chefs' Warehouse, Inc.",NASDAQ,,,60.46,518305,2431570060.8252068,61,2026-03-27
PERI,Perion Network Ltd,NASDAQ,,,10.28,517830,413441928.34348106,61,2026-03-27
ALGT,Allegiant Travel Company,NASDAQ,,,83.93,516825,1520376702.1868744,61,2026-03-27
MORN,"Morningstar, Inc.",NASDAQ,,,160.68,512070,6557639429.533081,61,2026-03-27
SIMO,Silicon Motion Technology Corporation,NASDAQ,,,111.23,510400,3778984000.2900696,61,2026-03-27
IPGP,IPG Photonics Corporation,NASDAQ,,,118.7,504835,4922887080.915779,61,2026-03-27
ACTG,Acacia Research Corporation,NASDAQ,,,5.02,503195,471765030.5291352,61,2026-03-27
